Book Title,Price,Product Link
Special 99 Box (16 Books Combo),"Rs. 1,599.00",https://99bookstores.com/products/special-99-box-16-books-combo
Summer Special 8 Books Combo,"Rs. 1,249.00",https://99bookstores.com/products/summer-special-combo
Ikigai ℙ𝕒𝕡𝕖𝕣𝕓𝕒𝕔𝕜 #𝕋𝕣𝕖𝕟𝕕𝕚𝕟𝕘,Rs. 99.00,https://99bookstores.com/products/ikigai-paperback-trending
The Art of Laziness,Rs. 99.00,https://99bookstores.com/products/the-art-of-laziness
"Do It Today: Overcome Procrastination, Improve Productivity, and Achieve More Meaningful Things",Rs. 99.00,https://99bookstores.com/products/do-it-today-overcome-procrastination-improve-productivity-and-achieve-more-meaningful-things
Dopamine Detox,Rs. 99.00,https://99bookstores.com/products/dopamine-detox
The Art of Not Overthinking by Shaurya Kapoor,Rs. 99.00,https://99bookstores.com/products/the-art-of-not-overthinking-by-shaurya-kapoor
The Art of Being Alone,Rs. 99.00,https://99bookstores.com/products/the-art-of-being-alone
𝔸𝕥𝕠𝕞𝕚𝕔 ℍ𝕒𝕓𝕚𝕥𝕤,Rs. 179.00,https://99bookstores.com/products/atomic-habits
The Psychology of Money,Rs. 149.00,https://99bookstores.com/products/the-psychology-of-money
99Bookstore Library Box,Rs. 999.00,https://99bookstores.com/products/99bookstore-mystery-box
I Don't Love You Anymore: Moving On & Living Your Best Life,Rs. 139.00,https://99bookstores.com/products/i-dont-love-you-anymore-moving-on-living-your-best-life
The Palace of Illusion,Rs. 179.00,https://99bookstores.com/products/the-palace-of-illusion
(Combo Set) It Start with us + It Ends with us by Colleen Hoover,Rs. 349.00,https://99bookstores.com/products/combo-set-it-start-with-us-it-ends-with-us
Verity: The thriller that will capture your heart and blow your mind by Colleen Hoover,Rs. 149.00,https://99bookstores.com/products/verity-the-thriller-that-will-capture-your-heart-and-blow-your-mind
The Silent Patient by Alex Michaelides,Rs. 179.00,https://99bookstores.com/products/the-silent-patient
Norwegian Wood,Rs. 199.00,https://99bookstores.com/products/norwegian-wood
Days at the Morisaki Bookshop : A charming and uplifting Japanese translated story on the healing power of books,Rs. 149.00,https://99bookstores.com/products/days-at-the-morisaki-bookshop-a-charming-and-uplifting-japanese-translated-story-on-the-healing-power-of-books
In the Silence you left Behind,Rs. 199.00,https://99bookstores.com/products/in-the-silence-you-left-behind
Satoshi Yagisawa’s More Days at the Morisaki Bookshop,Rs. 149.00,https://99bookstores.com/products/more-days-at-the-morisaki-bookshop
The Intelligent Investor,Rs. 279.00,https://99bookstores.com/products/the-intelligent-investor
Trading in the Zone (Paperback),Rs. 199.00,https://99bookstores.com/products/trading-in-the-zone-paperback
HARDCOVER Trading in the Zone,Rs. 499.00,https://99bookstores.com/products/copy-of-trading-in-the-zone-paperback
The Disciplined Trader,Rs. 199.00,https://99bookstores.com/products/the-disciplined-trader
How to Make Money With Breakout Trading,Rs. 279.00,https://99bookstores.com/products/how-to-make-money-with-breakout-trading-1
Death Note Box Set (Vol.s 1-13): Volumes 1 - 12: Volumes 1-13 with Premium,"Rs. 1,999.00",https://99bookstores.com/products/death-note-box-set-vol-s-1-13-volumes-1-12-volumes-1-13-with-premium
Dragonball Z Complete Box Set: Vols. 1-26,"Rs. 2,999.00",https://99bookstores.com/products/dragonball-z-complete-box-set-vols-1-26
Jujutsu Kaisen Vol 6,Rs. 179.00,https://99bookstores.com/products/jujutsu-kaisen-vol-6
"My Hero Academia, Vol. 5",Rs. 149.00,https://99bookstores.com/products/my-hero-academia-vol-5
"My Hero Academia, Vol. 8",Rs. 149.00,https://99bookstores.com/products/my-hero-academia-vol-8
"Vagabond, Vol. 3",Rs. 199.00,https://99bookstores.com/products/vagabond-vol-3
Dragon Ball Combo,Rs. 349.00,https://99bookstores.com/products/dragon-ball-combo
A Silent Voice,Rs. 179.00,https://99bookstores.com/products/a-silent-voice
TOKYO GHOUL 01,Rs. 199.00,https://99bookstores.com/products/tokyo-ghoul-01
"Tokyo Ghoul: re, Vol. 2",Rs. 199.00,https://99bookstores.com/products/tokyo-ghoul-re-vol-2
48 laws of power (FULL EDITION),Rs. 339.00,https://99bookstores.com/products/48-laws-of-power
Robert Greene Concise Boxset (5 Books ),Rs. 799.00,https://99bookstores.com/products/5-books-robert-greene-concise-box-set
The Art Of Seduction (FULL EDITION),Rs. 299.00,https://99bookstores.com/products/the-art-of-seduction
The Laws of Human Nature,Rs. 349.00,https://99bookstores.com/products/the-laws-of-human-nature
Mahagatha: 100 Tales from the Puranas,Rs. 199.00,https://99bookstores.com/products/mahagatha-100-tales-from-the-puranas
War of Lanka,Rs. 239.00,https://99bookstores.com/products/war-of-lanka
The Kalki Trilogy (Set of 3 Books) - Avatar of Vishnu; Eye of Brahma; Sword of Shiva,Rs. 599.00,https://99bookstores.com/products/the-kalki-trilogy-set-of-3-books-avatar-of-vishnu-eye-of-brahma-sword-of-shiva
Swami Vivekananda,Rs. 161.00,https://99bookstores.com/products/swami-vivekananda
"The Spiritual Philosophy of Tagore, Greatest Spiritual Wisdom",Rs. 179.00,https://99bookstores.com/products/the-spiritual-philosophy-of-tagore-greatest-spiritual-wisdom
VIVEKANANDA: Spirituality For Leadership & Success,Rs. 179.00,https://99bookstores.com/products/vivekananda-spirituality-for-leadership-success
Courage,Rs. 179.00,https://99bookstores.com/products/courage
Excellence,Rs. 179.00,https://99bookstores.com/products/excellence
"Sounds of Liberation, The Spanda Karikas",Rs. 179.00,https://99bookstores.com/products/sounds-of-liberation-the-spanda-karikas
"Shirdi Sai Baba: Life, Philosophy & Teachings",Rs. 179.00,https://99bookstores.com/products/shirdi-sai-baba-life-philosophy-teachings
(HINDI) Rich Dad Poor Dad,Rs. 199.00,https://99bookstores.com/products/hindi-rich-dad-poor-dad
( Hindi) Chanakya Neeti with Chanakya Sutra Sahit,Rs. 179.00,https://99bookstores.com/products/hindi-chanakya-neeti-with-chanakya-sutra-sahit
(Hindi) Ikigai,Rs. 179.00,https://99bookstores.com/products/hindi-ikigai
Hindi  Atomic Habits,Rs. 249.00,https://99bookstores.com/products/hindi-atomic-habit
Hindi Attitude Is Everything,Rs. 149.00,https://99bookstores.com/products/hindi-attitude-is-everything
Special HINDI COMBO,"Rs. 1,599.00",https://99bookstores.com/products/special-hindi-combo
Hindi Do It Today,Rs. 149.00,https://99bookstores.com/products/hindi-do-it-today
Hindi Don't Believe Everything You Think,Rs. 276.00,https://99bookstores.com/products/hindi-dont-believe-everything-you-think
Hindi MANSAROVAR KI 51 KAHANIYAN,Rs. 249.00,https://99bookstores.com/products/hindi-mansarovar-ki-51-kahaniyan
Mera Sangharsh,Rs. 339.00,https://99bookstores.com/products/mera-sangharsh
Fifty Shades Darker,Rs. 99.00,https://99bookstores.com/products/fifty-shades-darker
GREY: Fifty Shades Of Grey As Told By Christian,Rs. 149.00,https://99bookstores.com/products/grey-fifty-shades-of-grey-as-told-by-christian
Twilight,Rs. 149.00,https://99bookstores.com/products/twilight
Killer Heat,Rs. 149.00,https://99bookstores.com/products/killer-heat
Feast for Crows,Rs. 199.00,https://99bookstores.com/products/feast-for-crows
Storm of Swords (Game Of Thrones),Rs. 199.00,https://99bookstores.com/products/storm-of-swords-game-of-thrones
Wedding Night,Rs. 149.00,https://99bookstores.com/products/wedding-night
Entwined With You,Rs. 149.00,https://99bookstores.com/products/entwined-with-you
"Close to Home (DI Adam Fawley, #1)",Rs. 149.00,https://99bookstores.com/products/close-to-home-di-adam-fawley-1
Hindi MADHUSHALA,Rs. 179.10,https://99bookstores.com/products/madhushala
Gitanjali (Pocket Classic),Rs. 134.00,https://99bookstores.com/products/gitanjali-pocket-classic
The Absent Traveller: Prakrit Love Poetry from the Gathasaptasati of Satavahana Hala,Rs. 179.10,https://99bookstores.com/products/the-absent-traveller-prakrit-love-poetry-from-the-gathasaptasati-of-satavahana-hala
One Hundred Poems of Kabir,Rs. 157.50,https://99bookstores.com/products/one-hundred-poems-of-kabir
Best Love Poems of All Time (Pocket Classic),Rs. 134.00,https://99bookstores.com/products/best-love-poems-of-all-time-pocket-classic
A Clear Blue Sky: Stories And Poems On Conflict And Hope,Rs. 179.10,https://99bookstores.com/products/a-clear-blue-sky-stories-and-poems-on-conflict-and-hope
Selected Poems,Rs. 179.10,https://99bookstores.com/products/selected-poems
Hip Hop Nature Boy & Other Poems,Rs. 179.10,https://99bookstores.com/products/hip-hop-nature-boy-other-poems
Bestseller Self-help Box 8 Books COMBO,"Rs. 1,099.00",https://99bookstores.com/products/bestseller-self-help-box-8-books-combo
SPECIAL COMBO 6,"Rs. 1,249.00",https://99bookstores.com/products/special-combo-6
The Best Inspirational Books for Personal Transformation (Set of 4 Books): Perfect Motivational Gift Set,Rs. 539.00,https://99bookstores.com/products/the-best-inspirational-books-for-personal-transformation-set-of-4-books-perfect-motivational-gift-set
SPECIAL COMBO 7,Rs. 399.00,https://99bookstores.com/products/special-combo-7
Business Education COMBO,Rs. 449.00,https://99bookstores.com/products/business-education-combo
Full Edition Robert Greene 4 Books Combo,"Rs. 1,099.00",https://99bookstores.com/products/full-edition-robert-greene-4-books-combo
Roald Dahl Collection  boxset ( 16 Stories Collection),"Rs. 1,499.00",https://99bookstores.com/products/roald-dahl-complete-collection-16-copy-16-story-collection
Boxset Throne of Glass by Sarah J. Maas,"Rs. 2,499.00",https://99bookstores.com/products/throne-of-glass-box-set
Dork Diaries BOXSET,"Rs. 1,499.00",https://99bookstores.com/products/dork-diaries-x-12-2018-set
Diary of a Wimpy Kid  Box Set  (RED) 12 BOOKS,"Rs. 1,499.00",https://99bookstores.com/products/diary-of-a-wimpy-kid-12-book-collection-red-cover
Berserk Manga Boxset PART 2 : VOL 12 - 22,"Rs. 1,499.00",https://99bookstores.com/products/part-2-berserk-boxset
My Hero Academia Box Set 1-20,"Rs. 2,799.00",https://99bookstores.com/products/my-hero-academia-box-set-1-20
Boxset The Legend of Zelda Complete Box Set,"Rs. 1,499.00",https://99bookstores.com/products/boxset-the-legend-of-zelda-complete-box-set
